{"cameraMode":{"drawMode":0,"name":"Shaded","section":"Shading Mode"},"sceneLighting":false,"audioPlay":false,"sceneViewState":{"m_AlwaysRefresh":false,"showFog":true,"showSkybox":false,"showFlares":true,"showImageEffects":true,"showParticleSystems":true,"showVisualEffectGraphs":true,"m_FxEnabled":true},"in2DMode":false,"pivot":{"x":1.05545175075531,"y":0.1629939079284668,"z":0.10529875755310059},"rotation":{"x":-0.1601019650697708,"y":0.01391538418829441,"z":-0.0022571771405637266,"w":-0.9870027303695679},"size":3.594015121459961,"orthographic":false}