{"cameraMode":{"drawMode":0,"name":"Shaded","section":"Shading Mode"},"sceneLighting":true,"audioPlay":false,"sceneViewState":{"m_AlwaysRefresh":false,"showFog":true,"showSkybox":true,"showFlares":true,"showImageEffects":true,"showParticleSystems":true,"showVisualEffectGraphs":true,"m_FxEnabled":true},"in2DMode":false,"pivot":{"x":0.36953890323638918,"y":-0.18382960557937623,"z":-3.0464229583740236},"rotation":{"x":0.018089761957526208,"y":0.9798490405082703,"z":-0.1047498881816864,"w":0.16920636594295503},"size":3.4210329055786135,"orthographic":false}