{"cameraMode":{"drawMode":0,"name":"Shaded","section":"Shading Mode"},"sceneLighting":false,"audioPlay":false,"sceneViewState":{"m_AlwaysRefresh":false,"showFog":true,"showSkybox":false,"showFlares":true,"showImageEffects":true,"showParticleSystems":true,"showVisualEffectGraphs":true,"m_FxEnabled":true},"in2DMode":false,"pivot":{"x":0.005134891718626022,"y":0.11274738609790802,"z":0.02755758911371231},"rotation":{"x":0.20984318852424622,"y":0.02815151959657669,"z":-0.006044283043593168,"w":0.977328896522522},"size":0.12875160574913026,"orthographic":false}